-- 示例数据插入部分

-- 插入一个出版社
INSERT INTO Publisher5058 (PublisherID, Name) VALUES
('PUB001', '东京电视台'),
('PUB002', '京都动画'),
('PUB003', 'A-1 Pictures'),
('PUB004', 'Madhouse'),
('PUB005', 'J.C.Staff'),
('PUB006', '白狐'),
('PUB007', 'Production I.G'),
('PUB008', '骨头社'),
('PUB009', 'SUNRISE'),
('PUB010', 'TMS娱乐'),
('PUB011', 'MAPPA'),
('PUB012', 'SHAFT'),
('PUB013', 'WIT STUDIO'),
('PUB014', 'CloverWorks'),
('PUB015', '银魂制作委员会'),
('PUB016', 'TRIGGER'),
('PUB017', 'Gainax'),
('PUB018', 'ufotable'),
('PUB019', 'Studio Pierrot'),
('PUB020', 'Studio Deen');

-- 插入一个番剧
INSERT INTO Anime5058 (AnimeID, Name, Genre, PublisherID, YearQuarter) VALUES
('ANI001', '进击的巨人', '动作', 'PUB018', '2013Q2'),
('ANI002', '鬼灭之刃', '冒险', 'PUB018', '2019Q2'),
('ANI003', '剑风传奇', '剧情', 'PUB017', '1997Q4'),
('ANI004', '一拳超人', '喜剧', 'PUB004', '2015Q4'),
('ANI005', '某科学的超电磁炮', '科幻', 'PUB005', '2009Q3'),
('ANI006', '未闻花名', '剧情', 'PUB002', '2011Q2'),
('ANI007', '夏目友人帐', '奇幻', 'PUB007', '2008Q3'),
('ANI008', '银魂', '喜剧', 'PUB015', '2006Q4'),
('ANI009', '盾之勇者成名录', '动作', 'PUB003', '2016Q2'),
('ANI010', '命运石之门', '科幻', 'PUB012', '2011Q2'),
('ANI011', '黑子的篮球', '运动', 'PUB003', '2012Q3'),
('ANI012', '死神', '奇幻', 'PUB019', '2004Q4'),
('ANI013', '火影忍者', '动作', 'PUB019', '2002Q3'),
('ANI014', '海贼王', '冒险', 'PUB009', '1999Q3'),
('ANI015', '刀剑神域', '奇幻', 'PUB003', '2012Q3'),
('ANI016', '食戟之灵', '喜剧', 'PUB005', '2015Q2'),
('ANI017', '全职猎人', '冒险', 'PUB004', '2011Q3'),
('ANI018', 'CLANNAD', '剧情', 'PUB002', '2007Q4'),
('ANI019', 'Fate/stay night', '奇幻', 'PUB018', '2006Q1'),
('ANI020', '龙珠', '动作', 'PUB009', '1986Q2');

-- 插入平台数据
INSERT INTO Platform5058 (PlatformID, Name) VALUES
('PLT001', 'Netflix'),
('PLT002', 'Crunchyroll'),
('PLT003', 'Hulu'),
('PLT004', 'Amazon Prime'),
('PLT005', 'Bilibili'),
('PLT006', '腾讯视频'),
('PLT007', '爱奇艺'),
('PLT008', '优酷'),
('PLT009', 'AcFun'),
('PLT010', 'YouTube'),
('PLT011', '哔哩哔哩'),
('PLT012', 'Dailymotion'),
('PLT013', 'Vimeo'),
('PLT014', 'ZEE5'),
('PLT015', 'Mubi'),
('PLT016', 'Disney+'),
('PLT017', 'HBO Max'),
('PLT018', 'Peacock'),
('PLT019', 'Starz'),
('PLT020', 'Showtime');

-- 在平台购入表中插入记录
INSERT INTO PlatformPurchase5058 (PlatformID, AnimeID) VALUES
('PLT001', 'ANI001'),
('PLT001', 'ANI002'),
('PLT002', 'ANI003'),
('PLT003', 'ANI004'),
('PLT004', 'ANI005'),
('PLT005', 'ANI006'),
('PLT006', 'ANI007'),
('PLT007', 'ANI008'),
('PLT008', 'ANI009'),
('PLT009', 'ANI010'),
('PLT010', 'ANI011'),
('PLT011', 'ANI012'),
('PLT012', 'ANI013'),
('PLT013', 'ANI014'),
('PLT014', 'ANI015'),
('PLT015', 'ANI016'),
('PLT016', 'ANI017'),
('PLT017', 'ANI018'),
('PLT018', 'ANI019'),
('PLT019', 'ANI020');

-- 插入用户数据
INSERT INTO User5058 (UserID, Username, PlatformID) VALUES
('USR001', 'Alice', 'PLT001'),
('USR002', 'Bob', 'PLT002'),
('USR003', 'Cathy', 'PLT003'),
('USR004', 'David', 'PLT004'),
('USR005', 'Eve', 'PLT005'),
('USR006', 'Frank', 'PLT006'),
('USR007', 'Grace', 'PLT007'),
('USR008', 'Helen', 'PLT008'),
('USR009', 'Ian', 'PLT009'),
('USR010', 'Jenny', 'PLT010'),
('USR011', 'Kevin', 'PLT011'),
('USR012', 'Linda', 'PLT012'),
('USR013', 'Mike', 'PLT013'),
('USR014', 'Nancy', 'PLT014'),
('USR015', 'Oscar', 'PLT015'),
('USR016', 'Polly', 'PLT016'),
('USR017', 'Quinn', 'PLT017'),
('USR018', 'Rachel', 'PLT018'),
('USR019', 'Steve', 'PLT019'),
('USR020', 'Tina', 'PLT020');

-- 插入用户追番数据
INSERT INTO UserFollowing5058 (AnimePlatformID, UserID, AnimeID) VALUES
('PLT001', 'USR001', 'ANI001'),
('PLT001', 'USR002', 'ANI002'),
('PLT002', 'USR003', 'ANI003'),
('PLT003', 'USR004', 'ANI004'),
('PLT004', 'USR005', 'ANI005'),
('PLT005', 'USR006', 'ANI006'),
('PLT006', 'USR007', 'ANI007'),
('PLT007', 'USR008', 'ANI008'),
('PLT008', 'USR009', 'ANI009'),
('PLT009', 'USR010', 'ANI010'),
('PLT010', 'USR011', 'ANI011'),
('PLT011', 'USR012', 'ANI012'),
('PLT012', 'USR013', 'ANI013'),
('PLT013', 'USR014', 'ANI014'),
('PLT014', 'USR015', 'ANI015'),
('PLT015', 'USR016', 'ANI016'),
('PLT016', 'USR017', 'ANI017'),
('PLT017', 'USR018', 'ANI018'),
('PLT018', 'USR019', 'ANI019'),
('PLT019', 'USR020', 'ANI020');